[O I],[O II]1,[O II]2,[O III],[Ha]
0.6696769,2.866154432,8.158620834,1.480936766,2.559224367
0.166452348,5.806766987,4.573880672,2.555238724,2.744266748
0.414115548,3.146868467,2.597596407,2.756209612,6.056303978
0.32403031,3.95488596,5.612743378,0.052134551,14.24738312
2.102042198,2.784169436,13.20730114,1.053153157,1.875946879
0.443892181,0.110181734,0.185281962,0.107256085,0.312503934